"module","theorem","fq_name","source"
"LRA.AlgebraicStructures.AdditiveCommutativeSemigroup.Laws.Definition","AddCommutative","LRA.AlgebraicStructures.AddCommutative","LRA\AlgebraicStructures\AdditiveCommutativeSemigroup\Laws\Definition.lean"
"LRA.AlgebraicStructures.AdditiveGroup.Laws.Definition","AddNegCancel","LRA.AlgebraicStructures.AddNegCancel","LRA\AlgebraicStructures\AdditiveGroup\Laws\Definition.lean"
"LRA.AlgebraicStructures.AdditiveGroup.Laws.Definition","NegAddCancel","LRA.AlgebraicStructures.NegAddCancel","LRA\AlgebraicStructures\AdditiveGroup\Laws\Definition.lean"
"LRA.AlgebraicStructures.AdditiveGroup.Laws.Definition","SubEqAddNeg","LRA.AlgebraicStructures.SubEqAddNeg","LRA\AlgebraicStructures\AdditiveGroup\Laws\Definition.lean"
"LRA.AlgebraicStructures.AdditiveMonoid.Laws.Definition","AddZero","LRA.AlgebraicStructures.AddZero","LRA\AlgebraicStructures\AdditiveMonoid\Laws\Definition.lean"
"LRA.AlgebraicStructures.AdditiveMonoid.Laws.Definition","ZeroAdd","LRA.AlgebraicStructures.ZeroAdd","LRA\AlgebraicStructures\AdditiveMonoid\Laws\Definition.lean"
"LRA.AlgebraicStructures.AdditiveSemigroup.Laws.Definition","AddAssociative","LRA.AlgebraicStructures.AddAssociative","LRA\AlgebraicStructures\AdditiveSemigroup\Laws\Definition.lean"
"LRA.AlgebraicStructures.CommutativeSemigroup.Laws.Definition","MulCommutative","LRA.AlgebraicStructures.MulCommutative","LRA\AlgebraicStructures\CommutativeSemigroup\Laws\Definition.lean"
"LRA.AlgebraicStructures.CommutativeSemiringWithoutZero.Laws.Definition","AddCancellative","LRA.AlgebraicStructures.AddCancellative","LRA\AlgebraicStructures\CommutativeSemiringWithoutZero\Laws\Definition.lean"
"LRA.AlgebraicStructures.CommutativeSemiringWithoutZero.Laws.Definition","MulCancellative","LRA.AlgebraicStructures.MulCancellative","LRA\AlgebraicStructures\CommutativeSemiringWithoutZero\Laws\Definition.lean"
"LRA.AlgebraicStructures.DiscreteInteger.Laws.Definition","MulPred","LRA.AlgebraicStructures.MulPred","LRA\AlgebraicStructures\DiscreteInteger\Laws\Definition.lean"
"LRA.AlgebraicStructures.DiscreteInteger.Laws.Definition","MulSucc","LRA.AlgebraicStructures.MulSucc","LRA\AlgebraicStructures\DiscreteInteger\Laws\Definition.lean"
"LRA.AlgebraicStructures.DiscreteInteger.Laws.Definition","PredInjective","LRA.AlgebraicStructures.PredInjective","LRA\AlgebraicStructures\DiscreteInteger\Laws\Definition.lean"
"LRA.AlgebraicStructures.DiscreteInteger.Laws.Definition","PredSucc","LRA.AlgebraicStructures.PredSucc","LRA\AlgebraicStructures\DiscreteInteger\Laws\Definition.lean"
"LRA.AlgebraicStructures.DiscreteInteger.Laws.Definition","SuccAperiodic","LRA.AlgebraicStructures.SuccAperiodic","LRA\AlgebraicStructures\DiscreteInteger\Laws\Definition.lean"
"LRA.AlgebraicStructures.DiscreteInteger.Laws.Definition","SuccEqAddOne","LRA.AlgebraicStructures.SuccEqAddOne","LRA\AlgebraicStructures\DiscreteInteger\Laws\Definition.lean"
"LRA.AlgebraicStructures.DiscreteInteger.Laws.Definition","SuccInjective","LRA.AlgebraicStructures.SuccInjective","LRA\AlgebraicStructures\DiscreteInteger\Laws\Definition.lean"
"LRA.AlgebraicStructures.DiscreteInteger.Laws.Definition","SuccPred","LRA.AlgebraicStructures.SuccPred","LRA\AlgebraicStructures\DiscreteInteger\Laws\Definition.lean"
"LRA.AlgebraicStructures.DiscreteInteger.Laws.Definition","TwoSidedInduction","LRA.AlgebraicStructures.TwoSidedInduction","LRA\AlgebraicStructures\DiscreteInteger\Laws\Definition.lean"
"LRA.AlgebraicStructures.DivisionRing.Laws.Definition","DivEqMulInv","LRA.AlgebraicStructures.DivEqMulInv","LRA\AlgebraicStructures\DivisionRing\Laws\Definition.lean"
"LRA.AlgebraicStructures.DivisionRing.Laws.Definition","InvZero","LRA.AlgebraicStructures.InvZero","LRA\AlgebraicStructures\DivisionRing\Laws\Definition.lean"
"LRA.AlgebraicStructures.DivisionRing.Laws.Definition","MulInvCancel","LRA.AlgebraicStructures.MulInvCancel","LRA\AlgebraicStructures\DivisionRing\Laws\Definition.lean"
"LRA.AlgebraicStructures.Group.Laws.Definition","InvMulCancel","LRA.AlgebraicStructures.InvMulCancel","LRA\AlgebraicStructures\Group\Laws\Definition.lean"
"LRA.AlgebraicStructures.Group.Laws.Definition","MulInvCancelGroup","LRA.AlgebraicStructures.MulInvCancelGroup","LRA\AlgebraicStructures\Group\Laws\Definition.lean"
"LRA.AlgebraicStructures.IntegralDomain.Laws.Definition","EqZeroOfMulEqZero","LRA.AlgebraicStructures.EqZeroOfMulEqZero","LRA\AlgebraicStructures\IntegralDomain\Laws\Definition.lean"
"LRA.AlgebraicStructures.MathlibBridge","instAdditiveCommutativeLaws","LRA.AlgebraicStructures.instAdditiveCommutativeLaws","LRA\AlgebraicStructures\MathlibBridge.lean"
"LRA.AlgebraicStructures.MathlibBridge","instAdditiveIdentityLaws","LRA.AlgebraicStructures.instAdditiveIdentityLaws","LRA\AlgebraicStructures\MathlibBridge.lean"
"LRA.AlgebraicStructures.MathlibBridge","instAdditiveInverseLaws","LRA.AlgebraicStructures.instAdditiveInverseLaws","LRA\AlgebraicStructures\MathlibBridge.lean"
"LRA.AlgebraicStructures.MathlibBridge","instAdditiveSemigroupLaws","LRA.AlgebraicStructures.instAdditiveSemigroupLaws","LRA\AlgebraicStructures\MathlibBridge.lean"
"LRA.AlgebraicStructures.MathlibBridge","instCommutativeRingLaws","LRA.AlgebraicStructures.instCommutativeRingLaws","LRA\AlgebraicStructures\MathlibBridge.lean"
"LRA.AlgebraicStructures.MathlibBridge","instCommutativeSemiringLaws","LRA.AlgebraicStructures.instCommutativeSemiringLaws","LRA\AlgebraicStructures\MathlibBridge.lean"
"LRA.AlgebraicStructures.MathlibBridge","instDistributiveLaws","LRA.AlgebraicStructures.instDistributiveLaws","LRA\AlgebraicStructures\MathlibBridge.lean"
"LRA.AlgebraicStructures.MathlibBridge","instDivisionCompatibilityLaw","LRA.AlgebraicStructures.instDivisionCompatibilityLaw","LRA\AlgebraicStructures\MathlibBridge.lean"
"LRA.AlgebraicStructures.MathlibBridge","instFieldLaws","LRA.AlgebraicStructures.instFieldLaws","LRA\AlgebraicStructures\MathlibBridge.lean"
"LRA.AlgebraicStructures.MathlibBridge","instIntegralDomainLawsOfIsDomain","LRA.AlgebraicStructures.instIntegralDomainLawsOfIsDomain","LRA\AlgebraicStructures\MathlibBridge.lean"
"LRA.AlgebraicStructures.MathlibBridge","instMultiplicativeCommutativeLaws","LRA.AlgebraicStructures.instMultiplicativeCommutativeLaws","LRA\AlgebraicStructures\MathlibBridge.lean"
"LRA.AlgebraicStructures.MathlibBridge","instMultiplicativeIdentityLaws","LRA.AlgebraicStructures.instMultiplicativeIdentityLaws","LRA\AlgebraicStructures\MathlibBridge.lean"
"LRA.AlgebraicStructures.MathlibBridge","instMultiplicativeInverseLaws","LRA.AlgebraicStructures.instMultiplicativeInverseLaws","LRA\AlgebraicStructures\MathlibBridge.lean"
"LRA.AlgebraicStructures.MathlibBridge","instMultiplicativeSemigroupLaws","LRA.AlgebraicStructures.instMultiplicativeSemigroupLaws","LRA\AlgebraicStructures\MathlibBridge.lean"
"LRA.AlgebraicStructures.MathlibBridge","instNontrivialityLawOfNeZeroOfNat","LRA.AlgebraicStructures.instNontrivialityLawOfNeZeroOfNat","LRA\AlgebraicStructures\MathlibBridge.lean"
"LRA.AlgebraicStructures.MathlibBridge","instNoZeroDivisorsLawOfNoZeroDivisors","LRA.AlgebraicStructures.instNoZeroDivisorsLawOfNoZeroDivisors","LRA\AlgebraicStructures\MathlibBridge.lean"
"LRA.AlgebraicStructures.MathlibBridge","instOrderedFieldLawsOfIsStrictOrderedRing","LRA.AlgebraicStructures.instOrderedFieldLawsOfIsStrictOrderedRing","LRA\AlgebraicStructures\MathlibBridge.lean"
"LRA.AlgebraicStructures.MathlibBridge","instRingLaws","LRA.AlgebraicStructures.instRingLaws","LRA\AlgebraicStructures\MathlibBridge.lean"
"LRA.AlgebraicStructures.MathlibBridge","instSemiringLaws","LRA.AlgebraicStructures.instSemiringLaws","LRA\AlgebraicStructures\MathlibBridge.lean"
"LRA.AlgebraicStructures.MathlibBridge","instSubtractionCompatibilityLaw","LRA.AlgebraicStructures.instSubtractionCompatibilityLaw","LRA\AlgebraicStructures\MathlibBridge.lean"
"LRA.AlgebraicStructures.MathlibBridge","instZeroAbsorbingLaws","LRA.AlgebraicStructures.instZeroAbsorbingLaws","LRA\AlgebraicStructures\MathlibBridge.lean"
"LRA.AlgebraicStructures.Monoid.Laws.Definition","MulOne","LRA.AlgebraicStructures.MulOne","LRA\AlgebraicStructures\Monoid\Laws\Definition.lean"
"LRA.AlgebraicStructures.Monoid.Laws.Definition","OneMul","LRA.AlgebraicStructures.OneMul","LRA\AlgebraicStructures\Monoid\Laws\Definition.lean"
"LRA.AlgebraicStructures.NontrivialRing.Laws.Definition","OneNeZero","LRA.AlgebraicStructures.OneNeZero","LRA\AlgebraicStructures\NontrivialRing\Laws\Definition.lean"
"LRA.AlgebraicStructures.Semigroup.Laws.Definition","MulAssociative","LRA.AlgebraicStructures.MulAssociative","LRA\AlgebraicStructures\Semigroup\Laws\Definition.lean"
"LRA.AlgebraicStructures.Semiring.Laws.Definition","MulZero","LRA.AlgebraicStructures.MulZero","LRA\AlgebraicStructures\Semiring\Laws\Definition.lean"
"LRA.AlgebraicStructures.Semiring.Laws.Definition","ZeroMul","LRA.AlgebraicStructures.ZeroMul","LRA\AlgebraicStructures\Semiring\Laws\Definition.lean"
"LRA.AlgebraicStructures.Semiring.Laws.Distributive","LeftDistributive","LRA.AlgebraicStructures.LeftDistributive","LRA\AlgebraicStructures\Semiring\Laws\Distributive.lean"
"LRA.AlgebraicStructures.Semiring.Laws.Distributive","RightDistributive","LRA.AlgebraicStructures.RightDistributive","LRA\AlgebraicStructures\Semiring\Laws\Distributive.lean"
"LRA.EuclideanSpace.MathlibPoint.Laws","instBetweennessLawsMathlibPoint","LRA.EuclideanSpace.instBetweennessLawsMathlibPoint","LRA\EuclideanSpace\MathlibPoint\Laws.lean"
"LRA.EuclideanSpace.MathlibPoint.Laws","instCongruenceLawsMathlibPoint","LRA.EuclideanSpace.instCongruenceLawsMathlibPoint","LRA\EuclideanSpace\MathlibPoint\Laws.lean"
"LRA.EuclideanSpace.MathlibPoint.Laws","instContinuityLawMathlibPoint","LRA.EuclideanSpace.instContinuityLawMathlibPoint","LRA\EuclideanSpace\MathlibPoint\Laws.lean"
"LRA.EuclideanSpace.MathlibPoint.Laws","instFiveSegmentLawMathlibPoint","LRA.EuclideanSpace.instFiveSegmentLawMathlibPoint","LRA\EuclideanSpace\MathlibPoint\Laws.lean"
"LRA.EuclideanSpace.MathlibPoint.Laws","instParallelLawMathlibPoint","LRA.EuclideanSpace.instParallelLawMathlibPoint","LRA\EuclideanSpace\MathlibPoint\Laws.lean"
"LRA.EuclideanSpace.MathlibPoint.Laws","instSegmentConstructionLawMathlibPoint","LRA.EuclideanSpace.instSegmentConstructionLawMathlibPoint","LRA\EuclideanSpace\MathlibPoint\Laws.lean"
"LRA.EuclideanSpace.Model.EuclideanN","instNonemptyRn","LRA.EuclideanSpace.instNonemptyRn","LRA\EuclideanSpace\Model\EuclideanN.lean"
"LRA.EuclideanSpace.Tarski.Laws","instBetweennessLawsTarskiPoint","LRA.EuclideanSpace.instBetweennessLawsTarskiPoint","LRA\EuclideanSpace\Tarski\Laws.lean"
"LRA.EuclideanSpace.Tarski.Laws","instCongruenceLawsTarskiPoint","LRA.EuclideanSpace.instCongruenceLawsTarskiPoint","LRA\EuclideanSpace\Tarski\Laws.lean"
"LRA.EuclideanSpace.Tarski.Laws","instContinuityLawTarskiPoint","LRA.EuclideanSpace.instContinuityLawTarskiPoint","LRA\EuclideanSpace\Tarski\Laws.lean"
"LRA.EuclideanSpace.Tarski.Laws","instDimensionLawsTarskiPoint","LRA.EuclideanSpace.instDimensionLawsTarskiPoint","LRA\EuclideanSpace\Tarski\Laws.lean"
"LRA.EuclideanSpace.Tarski.Laws","instFiveSegmentLawTarskiPoint","LRA.EuclideanSpace.instFiveSegmentLawTarskiPoint","LRA\EuclideanSpace\Tarski\Laws.lean"
"LRA.EuclideanSpace.Tarski.Laws","instParallelLawTarskiPoint","LRA.EuclideanSpace.instParallelLawTarskiPoint","LRA\EuclideanSpace\Tarski\Laws.lean"
"LRA.EuclideanSpace.Tarski.Laws","instSegmentConstructionLawTarskiPoint","LRA.EuclideanSpace.instSegmentConstructionLawTarskiPoint","LRA\EuclideanSpace\Tarski\Laws.lean"
"LRA.Function.SetTheoretic.Theorems","SetTheoreticFunctionExt_iff","LRA.Function.SetTheoretic.SetTheoreticFunctionExt_iff","LRA\Function\SetTheoretic\Theorems.lean"
"LRA.Meta.DeclarationKeywords","corollary_smoke_test","LRA.Meta.DeclarationKeywords.SmokeTest.corollary_smoke_test","LRA\Meta\DeclarationKeywords.lean"
"LRA.Meta.DeclarationKeywords","proposition_smoke_test","LRA.Meta.DeclarationKeywords.SmokeTest.proposition_smoke_test","LRA\Meta\DeclarationKeywords.lean"
"LRA.NumberSystems.Carriers.Witnesses","landauCauchyCarrierEq","LRA.NumberSystems.Carriers.landauCauchyCarrierEq","LRA\NumberSystems\Carriers\Witnesses.lean"
"LRA.NumberSystems.ComplexNumbers.Constructions.OrderedPairs.Instances","instAdditiveCommutativeLawsComplexNumber","LRA.NumberSystems.ComplexNumbers.Constructions.OrderedPairs.instAdditiveCommutativeLawsComplexNumber","LRA\NumberSystems\ComplexNumbers\Constructions\OrderedPairs\Instances.lean"
"LRA.NumberSystems.ComplexNumbers.Constructions.OrderedPairs.Instances","instAdditiveIdentityLawsComplexNumber","LRA.NumberSystems.ComplexNumbers.Constructions.OrderedPairs.instAdditiveIdentityLawsComplexNumber","LRA\NumberSystems\ComplexNumbers\Constructions\OrderedPairs\Instances.lean"
"LRA.NumberSystems.ComplexNumbers.Constructions.OrderedPairs.Instances","instAdditiveInverseLawsComplexNumber","LRA.NumberSystems.ComplexNumbers.Constructions.OrderedPairs.instAdditiveInverseLawsComplexNumber","LRA\NumberSystems\ComplexNumbers\Constructions\OrderedPairs\Instances.lean"
"LRA.NumberSystems.ComplexNumbers.Constructions.OrderedPairs.Instances","instAdditiveSemigroupLawsComplexNumber","LRA.NumberSystems.ComplexNumbers.Constructions.OrderedPairs.instAdditiveSemigroupLawsComplexNumber","LRA\NumberSystems\ComplexNumbers\Constructions\OrderedPairs\Instances.lean"
"LRA.NumberSystems.ComplexNumbers.Constructions.OrderedPairs.Instances","instDistributiveLawsComplexNumber","LRA.NumberSystems.ComplexNumbers.Constructions.OrderedPairs.instDistributiveLawsComplexNumber","LRA\NumberSystems\ComplexNumbers\Constructions\OrderedPairs\Instances.lean"
"LRA.NumberSystems.ComplexNumbers.Constructions.OrderedPairs.Instances","instMultiplicativeCommutativeLawsComplexNumber","LRA.NumberSystems.ComplexNumbers.Constructions.OrderedPairs.instMultiplicativeCommutativeLawsComplexNumber","LRA\NumberSystems\ComplexNumbers\Constructions\OrderedPairs\Instances.lean"
"LRA.NumberSystems.ComplexNumbers.Constructions.OrderedPairs.Instances","instMultiplicativeIdentityLawsComplexNumber","LRA.NumberSystems.ComplexNumbers.Constructions.OrderedPairs.instMultiplicativeIdentityLawsComplexNumber","LRA\NumberSystems\ComplexNumbers\Constructions\OrderedPairs\Instances.lean"
"LRA.NumberSystems.ComplexNumbers.Constructions.OrderedPairs.Instances","instMultiplicativeInverseLawsComplexNumber","LRA.NumberSystems.ComplexNumbers.Constructions.OrderedPairs.instMultiplicativeInverseLawsComplexNumber","LRA\NumberSystems\ComplexNumbers\Constructions\OrderedPairs\Instances.lean"
"LRA.NumberSystems.ComplexNumbers.Constructions.OrderedPairs.Instances","instMultiplicativeSemigroupLawsComplexNumber","LRA.NumberSystems.ComplexNumbers.Constructions.OrderedPairs.instMultiplicativeSemigroupLawsComplexNumber","LRA\NumberSystems\ComplexNumbers\Constructions\OrderedPairs\Instances.lean"
"LRA.NumberSystems.ComplexNumbers.Constructions.OrderedPairs.Instances","instNontrivialityLawComplexNumber","LRA.NumberSystems.ComplexNumbers.Constructions.OrderedPairs.instNontrivialityLawComplexNumber","LRA\NumberSystems\ComplexNumbers\Constructions\OrderedPairs\Instances.lean"
"LRA.NumberSystems.ComplexNumbers.Constructions.OrderedPairs.Instances","instSubtractionCompatibilityLawComplexNumber","LRA.NumberSystems.ComplexNumbers.Constructions.OrderedPairs.instSubtractionCompatibilityLawComplexNumber","LRA\NumberSystems\ComplexNumbers\Constructions\OrderedPairs\Instances.lean"
"LRA.NumberSystems.ComplexNumbers.Constructions.OrderedPairs.Instances","instZeroAbsorbingLawsComplexNumber","LRA.NumberSystems.ComplexNumbers.Constructions.OrderedPairs.instZeroAbsorbingLawsComplexNumber","LRA\NumberSystems\ComplexNumbers\Constructions\OrderedPairs\Instances.lean"
"LRA.NumberSystems.GaussianIntegers.Constructions.OrderedPairs.Instances","instAdditiveCommutativeLawsGaussianInteger","LRA.NumberSystems.GaussianIntegers.Constructions.OrderedPairs.instAdditiveCommutativeLawsGaussianInteger","LRA\NumberSystems\GaussianIntegers\Constructions\OrderedPairs\Instances.lean"
"LRA.NumberSystems.GaussianIntegers.Constructions.OrderedPairs.Instances","instAdditiveIdentityLawsGaussianInteger","LRA.NumberSystems.GaussianIntegers.Constructions.OrderedPairs.instAdditiveIdentityLawsGaussianInteger","LRA\NumberSystems\GaussianIntegers\Constructions\OrderedPairs\Instances.lean"
"LRA.NumberSystems.GaussianIntegers.Constructions.OrderedPairs.Instances","instAdditiveInverseLawsGaussianInteger","LRA.NumberSystems.GaussianIntegers.Constructions.OrderedPairs.instAdditiveInverseLawsGaussianInteger","LRA\NumberSystems\GaussianIntegers\Constructions\OrderedPairs\Instances.lean"
"LRA.NumberSystems.GaussianIntegers.Constructions.OrderedPairs.Instances","instAdditiveSemigroupLawsGaussianInteger","LRA.NumberSystems.GaussianIntegers.Constructions.OrderedPairs.instAdditiveSemigroupLawsGaussianInteger","LRA\NumberSystems\GaussianIntegers\Constructions\OrderedPairs\Instances.lean"
"LRA.NumberSystems.GaussianIntegers.Constructions.OrderedPairs.Instances","instDistributiveLawsGaussianInteger","LRA.NumberSystems.GaussianIntegers.Constructions.OrderedPairs.instDistributiveLawsGaussianInteger","LRA\NumberSystems\GaussianIntegers\Constructions\OrderedPairs\Instances.lean"
"LRA.NumberSystems.GaussianIntegers.Constructions.OrderedPairs.Instances","instMultiplicativeCommutativeLawsGaussianInteger","LRA.NumberSystems.GaussianIntegers.Constructions.OrderedPairs.instMultiplicativeCommutativeLawsGaussianInteger","LRA\NumberSystems\GaussianIntegers\Constructions\OrderedPairs\Instances.lean"
"LRA.NumberSystems.GaussianIntegers.Constructions.OrderedPairs.Instances","instMultiplicativeIdentityLawsGaussianInteger","LRA.NumberSystems.GaussianIntegers.Constructions.OrderedPairs.instMultiplicativeIdentityLawsGaussianInteger","LRA\NumberSystems\GaussianIntegers\Constructions\OrderedPairs\Instances.lean"
"LRA.NumberSystems.GaussianIntegers.Constructions.OrderedPairs.Instances","instMultiplicativeSemigroupLawsGaussianInteger","LRA.NumberSystems.GaussianIntegers.Constructions.OrderedPairs.instMultiplicativeSemigroupLawsGaussianInteger","LRA\NumberSystems\GaussianIntegers\Constructions\OrderedPairs\Instances.lean"
"LRA.NumberSystems.GaussianIntegers.Constructions.OrderedPairs.Instances","instSubtractionCompatibilityLawGaussianInteger","LRA.NumberSystems.GaussianIntegers.Constructions.OrderedPairs.instSubtractionCompatibilityLawGaussianInteger","LRA\NumberSystems\GaussianIntegers\Constructions\OrderedPairs\Instances.lean"
"LRA.NumberSystems.GaussianIntegers.Constructions.OrderedPairs.Instances","instZeroAbsorbingLawsGaussianInteger","LRA.NumberSystems.GaussianIntegers.Constructions.OrderedPairs.instZeroAbsorbingLawsGaussianInteger","LRA\NumberSystems\GaussianIntegers\Constructions\OrderedPairs\Instances.lean"
"LRA.NumberSystems.Integers.Constructions.Polish.TwoSidedSuccessor.Instances","instAdditionRespectsOrderLawsZ","LRA.NumberSystems.Integers.Polish.TwoSidedSuccessor.instAdditionRespectsOrderLawsZ","LRA\NumberSystems\Integers\Constructions\Polish\TwoSidedSuccessor\Instances.lean"
"LRA.NumberSystems.Integers.Constructions.Polish.TwoSidedSuccessor.Instances","instAdditiveCommutativeLawsZ","LRA.NumberSystems.Integers.Polish.TwoSidedSuccessor.instAdditiveCommutativeLawsZ","LRA\NumberSystems\Integers\Constructions\Polish\TwoSidedSuccessor\Instances.lean"
"LRA.NumberSystems.Integers.Constructions.Polish.TwoSidedSuccessor.Instances","instAdditiveIdentityLawsZ","LRA.NumberSystems.Integers.Polish.TwoSidedSuccessor.instAdditiveIdentityLawsZ","LRA\NumberSystems\Integers\Constructions\Polish\TwoSidedSuccessor\Instances.lean"
"LRA.NumberSystems.Integers.Constructions.Polish.TwoSidedSuccessor.Instances","instAdditiveInverseLawsZ","LRA.NumberSystems.Integers.Polish.TwoSidedSuccessor.instAdditiveInverseLawsZ","LRA\NumberSystems\Integers\Constructions\Polish\TwoSidedSuccessor\Instances.lean"
"LRA.NumberSystems.Integers.Constructions.Polish.TwoSidedSuccessor.Instances","instAdditiveSemigroupLawsZ","LRA.NumberSystems.Integers.Polish.TwoSidedSuccessor.instAdditiveSemigroupLawsZ","LRA\NumberSystems\Integers\Constructions\Polish\TwoSidedSuccessor\Instances.lean"
"LRA.NumberSystems.Integers.Constructions.Polish.TwoSidedSuccessor.Instances","instDiscretenessLawZ","LRA.NumberSystems.Integers.Polish.TwoSidedSuccessor.instDiscretenessLawZ","LRA\NumberSystems\Integers\Constructions\Polish\TwoSidedSuccessor\Instances.lean"
"LRA.NumberSystems.Integers.Constructions.Polish.TwoSidedSuccessor.Instances","instDistributiveLawsZ","LRA.NumberSystems.Integers.Polish.TwoSidedSuccessor.instDistributiveLawsZ","LRA\NumberSystems\Integers\Constructions\Polish\TwoSidedSuccessor\Instances.lean"
"LRA.NumberSystems.Integers.Constructions.Polish.TwoSidedSuccessor.Instances","instMultiplicationRespectsOrderLawsZ","LRA.NumberSystems.Integers.Polish.TwoSidedSuccessor.instMultiplicationRespectsOrderLawsZ","LRA\NumberSystems\Integers\Constructions\Polish\TwoSidedSuccessor\Instances.lean"
"LRA.NumberSystems.Integers.Constructions.Polish.TwoSidedSuccessor.Instances","instMultiplicativeCommutativeLawsZ","LRA.NumberSystems.Integers.Polish.TwoSidedSuccessor.instMultiplicativeCommutativeLawsZ","LRA\NumberSystems\Integers\Constructions\Polish\TwoSidedSuccessor\Instances.lean"
"LRA.NumberSystems.Integers.Constructions.Polish.TwoSidedSuccessor.Instances","instMultiplicativeIdentityLawsZ","LRA.NumberSystems.Integers.Polish.TwoSidedSuccessor.instMultiplicativeIdentityLawsZ","LRA\NumberSystems\Integers\Constructions\Polish\TwoSidedSuccessor\Instances.lean"
"LRA.NumberSystems.Integers.Constructions.Polish.TwoSidedSuccessor.Instances","instMultiplicativeSemigroupLawsZ","LRA.NumberSystems.Integers.Polish.TwoSidedSuccessor.instMultiplicativeSemigroupLawsZ","LRA\NumberSystems\Integers\Constructions\Polish\TwoSidedSuccessor\Instances.lean"
"LRA.NumberSystems.Integers.Constructions.Polish.TwoSidedSuccessor.Instances","instNontrivialityLawZ","LRA.NumberSystems.Integers.Polish.TwoSidedSuccessor.instNontrivialityLawZ","LRA\NumberSystems\Integers\Constructions\Polish\TwoSidedSuccessor\Instances.lean"
"LRA.NumberSystems.Integers.Constructions.Polish.TwoSidedSuccessor.Instances","instNoZeroDivisorsLawZ","LRA.NumberSystems.Integers.Polish.TwoSidedSuccessor.instNoZeroDivisorsLawZ","LRA\NumberSystems\Integers\Constructions\Polish\TwoSidedSuccessor\Instances.lean"
"LRA.NumberSystems.Integers.Constructions.Polish.TwoSidedSuccessor.Instances","instOrderDiscretenessLawZ","LRA.NumberSystems.Integers.Polish.TwoSidedSuccessor.instOrderDiscretenessLawZ","LRA\NumberSystems\Integers\Constructions\Polish\TwoSidedSuccessor\Instances.lean"
"LRA.NumberSystems.Integers.Constructions.Polish.TwoSidedSuccessor.Instances","instPartialOrderLawsZ","LRA.NumberSystems.Integers.Polish.TwoSidedSuccessor.instPartialOrderLawsZ","LRA\NumberSystems\Integers\Constructions\Polish\TwoSidedSuccessor\Instances.lean"
"LRA.NumberSystems.Integers.Constructions.Polish.TwoSidedSuccessor.Instances","instStrictOrderCompatibilityLawZ","LRA.NumberSystems.Integers.Polish.TwoSidedSuccessor.instStrictOrderCompatibilityLawZ","LRA\NumberSystems\Integers\Constructions\Polish\TwoSidedSuccessor\Instances.lean"
"LRA.NumberSystems.Integers.Constructions.Polish.TwoSidedSuccessor.Instances","instSubtractionCompatibilityLawZ","LRA.NumberSystems.Integers.Polish.TwoSidedSuccessor.instSubtractionCompatibilityLawZ","LRA\NumberSystems\Integers\Constructions\Polish\TwoSidedSuccessor\Instances.lean"
"LRA.NumberSystems.Integers.Constructions.Polish.TwoSidedSuccessor.Instances","instSuccessorLawsZ","LRA.NumberSystems.Integers.Polish.TwoSidedSuccessor.instSuccessorLawsZ","LRA\NumberSystems\Integers\Constructions\Polish\TwoSidedSuccessor\Instances.lean"
"LRA.NumberSystems.Integers.Constructions.Polish.TwoSidedSuccessor.Instances","instSuccessorMultiplicationLawsZ","LRA.NumberSystems.Integers.Polish.TwoSidedSuccessor.instSuccessorMultiplicationLawsZ","LRA\NumberSystems\Integers\Constructions\Polish\TwoSidedSuccessor\Instances.lean"
"LRA.NumberSystems.Integers.Constructions.Polish.TwoSidedSuccessor.Instances","instTotalOrderLawZ","LRA.NumberSystems.Integers.Polish.TwoSidedSuccessor.instTotalOrderLawZ","LRA\NumberSystems\Integers\Constructions\Polish\TwoSidedSuccessor\Instances.lean"
"LRA.NumberSystems.Integers.Constructions.Polish.TwoSidedSuccessor.Instances","instZeroAbsorbingLawsZ","LRA.NumberSystems.Integers.Polish.TwoSidedSuccessor.instZeroAbsorbingLawsZ","LRA\NumberSystems\Integers\Constructions\Polish\TwoSidedSuccessor\Instances.lean"
"LRA.NumberSystems.RealNumbers.Constructions.Cantor.Laws","addition_is_proper","LRA.NumberSystems.RealNumbers.Cantor.addition_is_proper","LRA\NumberSystems\RealNumbers\Constructions\Cantor\Laws.lean"
"LRA.NumberSystems.RealNumbers.Constructions.Cantor.Laws","multiplication_is_proper","LRA.NumberSystems.RealNumbers.Cantor.multiplication_is_proper","LRA\NumberSystems\RealNumbers\Constructions\Cantor\Laws.lean"
"LRA.NumberSystems.RealNumbers.Constructions.Cantor.Laws","negation_is_proper","LRA.NumberSystems.RealNumbers.Cantor.negation_is_proper","LRA\NumberSystems\RealNumbers\Constructions\Cantor\Laws.lean"
"LRA.NumberSystems.RealNumbers.Constructions.Cantor.Laws","strict_order_is_proper","LRA.NumberSystems.RealNumbers.Cantor.strict_order_is_proper","LRA\NumberSystems\RealNumbers\Constructions\Cantor\Laws.lean"
"LRA.NumberSystems.RealNumbers.Constructions.Cauchy.Laws","addition_is_proper","LRA.NumberSystems.RealNumbers.Cauchy.addition_is_proper","LRA\NumberSystems\RealNumbers\Constructions\Cauchy\Laws.lean"
"LRA.NumberSystems.RealNumbers.Constructions.Cauchy.Laws","inverse_is_proper","LRA.NumberSystems.RealNumbers.Cauchy.inverse_is_proper","LRA\NumberSystems\RealNumbers\Constructions\Cauchy\Laws.lean"
"LRA.NumberSystems.RealNumbers.Constructions.Cauchy.Laws","multiplication_is_proper","LRA.NumberSystems.RealNumbers.Cauchy.multiplication_is_proper","LRA\NumberSystems\RealNumbers\Constructions\Cauchy\Laws.lean"
"LRA.NumberSystems.RealNumbers.Constructions.Cauchy.Laws","negation_is_proper","LRA.NumberSystems.RealNumbers.Cauchy.negation_is_proper","LRA\NumberSystems\RealNumbers\Constructions\Cauchy\Laws.lean"
"LRA.NumberSystems.RealNumbers.Constructions.Cauchy.Laws","strict_order_is_proper","LRA.NumberSystems.RealNumbers.Cauchy.strict_order_is_proper","LRA\NumberSystems\RealNumbers\Constructions\Cauchy\Laws.lean"
"LRA.NumberSystems.RealNumbers.Constructions.EffectiveCauchy.Laws","strict_order_is_proper","LRA.NumberSystems.RealNumbers.EffectiveCauchy.strict_order_is_proper","LRA\NumberSystems\RealNumbers\Constructions\EffectiveCauchy\Laws.lean"
"LRA.NumberSystems.RealNumbers.Constructions.EffectiveCauchy.WellDefinedness","addition_is_proper","LRA.NumberSystems.RealNumbers.EffectiveCauchy.addition_is_proper","LRA\NumberSystems\RealNumbers\Constructions\EffectiveCauchy\WellDefinedness.lean"
"LRA.NumberSystems.RealNumbers.Constructions.EffectiveCauchy.WellDefinedness","multiplication_is_proper","LRA.NumberSystems.RealNumbers.EffectiveCauchy.multiplication_is_proper","LRA\NumberSystems\RealNumbers\Constructions\EffectiveCauchy\WellDefinedness.lean"
"LRA.NumberSystems.RealNumbers.Constructions.EffectiveCauchy.WellDefinedness","negation_is_proper","LRA.NumberSystems.RealNumbers.EffectiveCauchy.negation_is_proper","LRA\NumberSystems\RealNumbers\Constructions\EffectiveCauchy\WellDefinedness.lean"
"LRA.Operation.Laws.QuotientCompatible.Definition","induced_operation_exists","LRA.Operation.Laws.QuotientCompatible.BinaryOperationIsProper.induced_operation_exists","LRA\Operation\Laws\QuotientCompatible\Definition.lean"
"LRA.Operation.Laws.QuotientCompatible.Definition","induced_relation_exists","LRA.Operation.Laws.QuotientCompatible.RelationIsProper.induced_relation_exists","LRA\Operation\Laws\QuotientCompatible\Definition.lean"
"LRA.Order.Interop.Mathlib.Certificates","instAdditionRespectsOrderLawsOfIsOrderedAddMonoid","LRA.Order.instAdditionRespectsOrderLawsOfIsOrderedAddMonoid","LRA\Order\Interop\Mathlib\Certificates.lean"
"LRA.Order.Interop.Mathlib.Certificates","instDenseOrderLawOfDenselyOrdered","LRA.Order.instDenseOrderLawOfDenselyOrdered","LRA\Order\Interop\Mathlib\Certificates.lean"
"LRA.Order.Interop.Mathlib.Certificates","instMultiplicationRespectsOrderLawsOfIsOrderedRing","LRA.Order.instMultiplicationRespectsOrderLawsOfIsOrderedRing","LRA\Order\Interop\Mathlib\Certificates.lean"
"LRA.Order.Interop.Mathlib.Certificates","instOrderCompletenessLawsSet","LRA.Order.instOrderCompletenessLawsSet","LRA\Order\Interop\Mathlib\Certificates.lean"
"LRA.Order.Interop.Mathlib.Certificates","instOrderDiscretenessLawInt","LRA.Order.instOrderDiscretenessLawInt","LRA\Order\Interop\Mathlib\Certificates.lean"
"LRA.Order.Interop.Mathlib.Certificates","instPartialOrderLaws","LRA.Order.instPartialOrderLaws","LRA\Order\Interop\Mathlib\Certificates.lean"
"LRA.Order.Interop.Mathlib.Certificates","instStrictOrderCompatibilityLaw","LRA.Order.instStrictOrderCompatibilityLaw","LRA\Order\Interop\Mathlib\Certificates.lean"
"LRA.Order.Interop.Mathlib.Certificates","instTotalOrderLaw","LRA.Order.instTotalOrderLaw","LRA\Order\Interop\Mathlib\Certificates.lean"
"LRA.Set.Interface.Pairing","instProdPairingLaws","LRA.Set.instProdPairingLaws","LRA\Set\Interface\Pairing.lean"
"LRA.Set.Interop.Mathlib.PredicateSet.Laws","instCollectionMembershipLawsSet","LRA.Set.MathlibPredicateSet.instCollectionMembershipLawsSet","LRA\Set\Interop\Mathlib\PredicateSet\Laws.lean"
"LRA.Set.Interop.Mathlib.PredicateSet.Laws","instComplementLawsSet","LRA.Set.MathlibPredicateSet.instComplementLawsSet","LRA\Set\Interop\Mathlib\PredicateSet\Laws.lean"
"LRA.Set.Interop.Mathlib.PredicateSet.Laws","instCountableMembershipLawsSet","LRA.Set.MathlibPredicateSet.instCountableMembershipLawsSet","LRA\Set\Interop\Mathlib\PredicateSet\Laws.lean"
"LRA.Set.Interop.Mathlib.PredicateSet.Laws","instDifferenceLawsSet","LRA.Set.MathlibPredicateSet.instDifferenceLawsSet","LRA\Set\Interop\Mathlib\PredicateSet\Laws.lean"
"LRA.Set.Interop.Mathlib.PredicateSet.Laws","instDistributivityLawsSet","LRA.Set.MathlibPredicateSet.instDistributivityLawsSet","LRA\Set\Interop\Mathlib\PredicateSet\Laws.lean"
"LRA.Set.Interop.Mathlib.PredicateSet.Laws","instExtensionalityLawSet","LRA.Set.MathlibPredicateSet.instExtensionalityLawSet","LRA\Set\Interop\Mathlib\PredicateSet\Laws.lean"
"LRA.Set.Interop.Mathlib.PredicateSet.Laws","instIndexedMembershipLawsSet","LRA.Set.MathlibPredicateSet.instIndexedMembershipLawsSet","LRA\Set\Interop\Mathlib\PredicateSet\Laws.lean"
"LRA.Set.Interop.Mathlib.PredicateSet.Laws","instIntersectionLawsSet","LRA.Set.MathlibPredicateSet.instIntersectionLawsSet","LRA\Set\Interop\Mathlib\PredicateSet\Laws.lean"
"LRA.Set.Interop.Mathlib.PredicateSet.Laws","instMembershipLawsSet","LRA.Set.MathlibPredicateSet.instMembershipLawsSet","LRA\Set\Interop\Mathlib\PredicateSet\Laws.lean"
"LRA.Set.Interop.Mathlib.PredicateSet.Laws","instPowersetMembershipLawsSet","LRA.Set.MathlibPredicateSet.instPowersetMembershipLawsSet","LRA\Set\Interop\Mathlib\PredicateSet\Laws.lean"
"LRA.Set.Interop.Mathlib.PredicateSet.Laws","instSeparationLawsSet","LRA.Set.MathlibPredicateSet.instSeparationLawsSet","LRA\Set\Interop\Mathlib\PredicateSet\Laws.lean"
"LRA.Set.Interop.Mathlib.PredicateSet.Laws","instSubsetLawsSet","LRA.Set.MathlibPredicateSet.instSubsetLawsSet","LRA\Set\Interop\Mathlib\PredicateSet\Laws.lean"
"LRA.Set.Interop.Mathlib.PredicateSet.Laws","instSymmDiffLawsSet","LRA.Set.MathlibPredicateSet.instSymmDiffLawsSet","LRA\Set\Interop\Mathlib\PredicateSet\Laws.lean"
"LRA.Set.Interop.Mathlib.PredicateSet.Laws","instSymmDiffMembershipLawsSet","LRA.Set.MathlibPredicateSet.instSymmDiffMembershipLawsSet","LRA\Set\Interop\Mathlib\PredicateSet\Laws.lean"
"LRA.Set.Interop.Mathlib.PredicateSet.Laws","instUnionLawsSet","LRA.Set.MathlibPredicateSet.instUnionLawsSet","LRA\Set\Interop\Mathlib\PredicateSet\Laws.lean"
"LRA.Set.Interop.Mathlib.PredicateSet.Laws","instUniversalMembershipLawsSet","LRA.Set.MathlibPredicateSet.instUniversalMembershipLawsSet","LRA\Set\Interop\Mathlib\PredicateSet\Laws.lean"
"LRA.Set.Interop.Mathlib.ZFSet.Laws","instCollectionMembershipLawsZFSet","LRA.Set.MathlibZFSet.instCollectionMembershipLawsZFSet","LRA\Set\Interop\Mathlib\ZFSet\Laws.lean"
"LRA.Set.Interop.Mathlib.ZFSet.Laws","instCountableMembershipLawsZFSet","LRA.Set.MathlibZFSet.instCountableMembershipLawsZFSet","LRA\Set\Interop\Mathlib\ZFSet\Laws.lean"
"LRA.Set.Interop.Mathlib.ZFSet.Laws","instDifferenceLawsZFSet","LRA.Set.MathlibZFSet.instDifferenceLawsZFSet","LRA\Set\Interop\Mathlib\ZFSet\Laws.lean"
"LRA.Set.Interop.Mathlib.ZFSet.Laws","instDistributivityLawsZFSet","LRA.Set.MathlibZFSet.instDistributivityLawsZFSet","LRA\Set\Interop\Mathlib\ZFSet\Laws.lean"
"LRA.Set.Interop.Mathlib.ZFSet.Laws","instExtensionalityLawZFSet","LRA.Set.MathlibZFSet.instExtensionalityLawZFSet","LRA\Set\Interop\Mathlib\ZFSet\Laws.lean"
"LRA.Set.Interop.Mathlib.ZFSet.Laws","instIntersectionLawsZFSet","LRA.Set.MathlibZFSet.instIntersectionLawsZFSet","LRA\Set\Interop\Mathlib\ZFSet\Laws.lean"
"LRA.Set.Interop.Mathlib.ZFSet.Laws","instMembershipLawsZFSet","LRA.Set.MathlibZFSet.instMembershipLawsZFSet","LRA\Set\Interop\Mathlib\ZFSet\Laws.lean"
"LRA.Set.Interop.Mathlib.ZFSet.Laws","instPowersetMembershipLawsZFSet","LRA.Set.MathlibZFSet.instPowersetMembershipLawsZFSet","LRA\Set\Interop\Mathlib\ZFSet\Laws.lean"
"LRA.Set.Interop.Mathlib.ZFSet.Laws","instSeparationLawsZFSet","LRA.Set.MathlibZFSet.instSeparationLawsZFSet","LRA\Set\Interop\Mathlib\ZFSet\Laws.lean"
"LRA.Set.Interop.Mathlib.ZFSet.Laws","instSubsetLawsZFSet","LRA.Set.MathlibZFSet.instSubsetLawsZFSet","LRA\Set\Interop\Mathlib\ZFSet\Laws.lean"
"LRA.Set.Interop.Mathlib.ZFSet.Laws","instSymmDiffLawsZFSet","LRA.Set.MathlibZFSet.instSymmDiffLawsZFSet","LRA\Set\Interop\Mathlib\ZFSet\Laws.lean"
"LRA.Set.Interop.Mathlib.ZFSet.Laws","instSymmDiffMembershipLawsZFSet","LRA.Set.MathlibZFSet.instSymmDiffMembershipLawsZFSet","LRA\Set\Interop\Mathlib\ZFSet\Laws.lean"
"LRA.Set.Interop.Mathlib.ZFSet.Laws","instUnionLawsZFSet","LRA.Set.MathlibZFSet.instUnionLawsZFSet","LRA\Set\Interop\Mathlib\ZFSet\Laws.lean"
"LRA.Set.Interop.Mathlib.ZFSet.Pairing","instPairingLawsZFSet","LRA.Set.MathlibZFSet.instPairingLawsZFSet","LRA\Set\Interop\Mathlib\ZFSet\Pairing.lean"
"LRA.Set.NBG.OrderedPair.Theorems","instPairingLawsSet","LRA.Set.NBG.instPairingLawsSet","LRA\Set\NBG\OrderedPair\Theorems.lean"
"LRA.Set.NBGSet.Laws.Difference","instDifferenceLawsSet","LRA.Set.NBGSet.instDifferenceLawsSet","LRA\Set\NBGSet\Laws\Difference.lean"
"LRA.Set.NBGSet.Laws.Distributivity","instDistributivityLawsSet","LRA.Set.NBGSet.instDistributivityLawsSet","LRA\Set\NBGSet\Laws\Distributivity.lean"
"LRA.Set.NBGSet.Laws.Intersection","instIntersectionLawsSet","LRA.Set.NBGSet.instIntersectionLawsSet","LRA\Set\NBGSet\Laws\Intersection.lean"
"LRA.Set.NBGSet.Laws.Membership","instCollectionMembershipLawsSet","LRA.Set.NBGSet.instCollectionMembershipLawsSet","LRA\Set\NBGSet\Laws\Membership.lean"
"LRA.Set.NBGSet.Laws.Membership","instExtensionalityLawSet","LRA.Set.NBGSet.instExtensionalityLawSet","LRA\Set\NBGSet\Laws\Membership.lean"
"LRA.Set.NBGSet.Laws.Membership","instMembershipLawsSet","LRA.Set.NBGSet.instMembershipLawsSet","LRA\Set\NBGSet\Laws\Membership.lean"
"LRA.Set.NBGSet.Laws.Membership","instPowersetMembershipLawsSet","LRA.Set.NBGSet.instPowersetMembershipLawsSet","LRA\Set\NBGSet\Laws\Membership.lean"
"LRA.Set.NBGSet.Laws.Membership","instSeparationLawsSet","LRA.Set.NBGSet.instSeparationLawsSet","LRA\Set\NBGSet\Laws\Membership.lean"
"LRA.Set.NBGSet.Laws.Membership","instSymmDiffMembershipLawsSet","LRA.Set.NBGSet.instSymmDiffMembershipLawsSet","LRA\Set\NBGSet\Laws\Membership.lean"
"LRA.Set.NBGSet.Laws.Subset","instSubsetLawsSet","LRA.Set.NBGSet.instSubsetLawsSet","LRA\Set\NBGSet\Laws\Subset.lean"
"LRA.Set.NBGSet.Laws.SymmetricDifference","instSymmDiffLawsSet","LRA.Set.NBGSet.instSymmDiffLawsSet","LRA\Set\NBGSet\Laws\SymmetricDifference.lean"
"LRA.Set.NBGSet.Laws.Union","instUnionLawsSet","LRA.Set.NBGSet.instUnionLawsSet","LRA\Set\NBGSet\Laws\Union.lean"
"LRA.Set.PredicateSet.Laws.Complement","instComplementLaws","LRA.Set.PredicateSet.instComplementLaws","LRA\Set\PredicateSet\Laws\Complement.lean"
"LRA.Set.PredicateSet.Laws.Difference","instDifferenceLaws","LRA.Set.PredicateSet.instDifferenceLaws","LRA\Set\PredicateSet\Laws\Difference.lean"
"LRA.Set.PredicateSet.Laws.Distributivity","instDistributivityLaws","LRA.Set.PredicateSet.instDistributivityLaws","LRA\Set\PredicateSet\Laws\Distributivity.lean"
"LRA.Set.PredicateSet.Laws.Intersection","instIntersectionLaws","LRA.Set.PredicateSet.instIntersectionLaws","LRA\Set\PredicateSet\Laws\Intersection.lean"
"LRA.Set.PredicateSet.Laws.Membership","instCollectionMembershipLaws","LRA.Set.PredicateSet.instCollectionMembershipLaws","LRA\Set\PredicateSet\Laws\Membership.lean"
"LRA.Set.PredicateSet.Laws.Membership","instCountableMembershipLaws","LRA.Set.PredicateSet.instCountableMembershipLaws","LRA\Set\PredicateSet\Laws\Membership.lean"
"LRA.Set.PredicateSet.Laws.Membership","instExtensionalityLaw","LRA.Set.PredicateSet.instExtensionalityLaw","LRA\Set\PredicateSet\Laws\Membership.lean"
"LRA.Set.PredicateSet.Laws.Membership","instIndexedMembershipLaws","LRA.Set.PredicateSet.instIndexedMembershipLaws","LRA\Set\PredicateSet\Laws\Membership.lean"
"LRA.Set.PredicateSet.Laws.Membership","instMembershipLaws","LRA.Set.PredicateSet.instMembershipLaws","LRA\Set\PredicateSet\Laws\Membership.lean"
"LRA.Set.PredicateSet.Laws.Membership","instPowersetMembershipLaws","LRA.Set.PredicateSet.instPowersetMembershipLaws","LRA\Set\PredicateSet\Laws\Membership.lean"
"LRA.Set.PredicateSet.Laws.Membership","instSeparationLaws","LRA.Set.PredicateSet.instSeparationLaws","LRA\Set\PredicateSet\Laws\Membership.lean"
"LRA.Set.PredicateSet.Laws.Membership","instSymmDiffMembershipLaws","LRA.Set.PredicateSet.instSymmDiffMembershipLaws","LRA\Set\PredicateSet\Laws\Membership.lean"
"LRA.Set.PredicateSet.Laws.Membership","instUniversalMembershipLaws","LRA.Set.PredicateSet.instUniversalMembershipLaws","LRA\Set\PredicateSet\Laws\Membership.lean"
"LRA.Set.PredicateSet.Laws.Subset","instSubsetLaws","LRA.Set.PredicateSet.instSubsetLaws","LRA\Set\PredicateSet\Laws\Subset.lean"
"LRA.Set.PredicateSet.Laws.SymmetricDifference","instSymmDiffLaws","LRA.Set.PredicateSet.instSymmDiffLaws","LRA\Set\PredicateSet\Laws\SymmetricDifference.lean"
"LRA.Set.PredicateSet.Laws.Union","instUnionLaws","LRA.Set.PredicateSet.instUnionLaws","LRA\Set\PredicateSet\Laws\Union.lean"
"LRA.Set.TG.OrderedPair.Theorems","instPairingLawsSet","LRA.Set.TG.instPairingLawsSet","LRA\Set\TG\OrderedPair\Theorems.lean"
"LRA.Set.TGSet.Laws.Difference","instDifferenceLawsSet","LRA.Set.TGSet.instDifferenceLawsSet","LRA\Set\TGSet\Laws\Difference.lean"
"LRA.Set.TGSet.Laws.Distributivity","instDistributivityLawsSet","LRA.Set.TGSet.instDistributivityLawsSet","LRA\Set\TGSet\Laws\Distributivity.lean"
"LRA.Set.TGSet.Laws.Intersection","instIntersectionLawsSet","LRA.Set.TGSet.instIntersectionLawsSet","LRA\Set\TGSet\Laws\Intersection.lean"
"LRA.Set.TGSet.Laws.Membership","instCollectionMembershipLawsSet","LRA.Set.TGSet.instCollectionMembershipLawsSet","LRA\Set\TGSet\Laws\Membership.lean"
"LRA.Set.TGSet.Laws.Membership","instExtensionalityLawSet","LRA.Set.TGSet.instExtensionalityLawSet","LRA\Set\TGSet\Laws\Membership.lean"
"LRA.Set.TGSet.Laws.Membership","instMembershipLawsSet","LRA.Set.TGSet.instMembershipLawsSet","LRA\Set\TGSet\Laws\Membership.lean"
"LRA.Set.TGSet.Laws.Membership","instPowersetMembershipLawsSet","LRA.Set.TGSet.instPowersetMembershipLawsSet","LRA\Set\TGSet\Laws\Membership.lean"
"LRA.Set.TGSet.Laws.Membership","instSeparationLawsSet","LRA.Set.TGSet.instSeparationLawsSet","LRA\Set\TGSet\Laws\Membership.lean"
"LRA.Set.TGSet.Laws.Membership","instSymmDiffMembershipLawsSet","LRA.Set.TGSet.instSymmDiffMembershipLawsSet","LRA\Set\TGSet\Laws\Membership.lean"
"LRA.Set.TGSet.Laws.Subset","instSubsetLawsSet","LRA.Set.TGSet.instSubsetLawsSet","LRA\Set\TGSet\Laws\Subset.lean"
"LRA.Set.TGSet.Laws.SymmetricDifference","instSymmDiffLawsSet","LRA.Set.TGSet.instSymmDiffLawsSet","LRA\Set\TGSet\Laws\SymmetricDifference.lean"
"LRA.Set.TGSet.Laws.Union","instUnionLawsSet","LRA.Set.TGSet.instUnionLawsSet","LRA\Set\TGSet\Laws\Union.lean"
"LRA.Set.ZFC.OrderedPair.Theorems","instPairingLawsSet","LRA.Set.ZFC.instPairingLawsSet","LRA\Set\ZFC\OrderedPair\Theorems.lean"
"LRA.Set.ZFCSet.Laws.Difference","instDifferenceLawsSet","LRA.Set.ZFCSet.instDifferenceLawsSet","LRA\Set\ZFCSet\Laws\Difference.lean"
"LRA.Set.ZFCSet.Laws.Distributivity","instDistributivityLawsSet","LRA.Set.ZFCSet.instDistributivityLawsSet","LRA\Set\ZFCSet\Laws\Distributivity.lean"
"LRA.Set.ZFCSet.Laws.Intersection","instIntersectionLawsSet","LRA.Set.ZFCSet.instIntersectionLawsSet","LRA\Set\ZFCSet\Laws\Intersection.lean"
"LRA.Set.ZFCSet.Laws.Membership","instCollectionMembershipLawsSet","LRA.Set.ZFCSet.instCollectionMembershipLawsSet","LRA\Set\ZFCSet\Laws\Membership.lean"
"LRA.Set.ZFCSet.Laws.Membership","instExtensionalityLawSet","LRA.Set.ZFCSet.instExtensionalityLawSet","LRA\Set\ZFCSet\Laws\Membership.lean"
"LRA.Set.ZFCSet.Laws.Membership","instMembershipLawsSet","LRA.Set.ZFCSet.instMembershipLawsSet","LRA\Set\ZFCSet\Laws\Membership.lean"
"LRA.Set.ZFCSet.Laws.Membership","instPowersetMembershipLawsSet","LRA.Set.ZFCSet.instPowersetMembershipLawsSet","LRA\Set\ZFCSet\Laws\Membership.lean"
"LRA.Set.ZFCSet.Laws.Membership","instSeparationLawsSet","LRA.Set.ZFCSet.instSeparationLawsSet","LRA\Set\ZFCSet\Laws\Membership.lean"
"LRA.Set.ZFCSet.Laws.Membership","instSymmDiffMembershipLawsSet","LRA.Set.ZFCSet.instSymmDiffMembershipLawsSet","LRA\Set\ZFCSet\Laws\Membership.lean"
"LRA.Set.ZFCSet.Laws.Subset","instSubsetLawsSet","LRA.Set.ZFCSet.instSubsetLawsSet","LRA\Set\ZFCSet\Laws\Subset.lean"
"LRA.Set.ZFCSet.Laws.SymmetricDifference","instSymmDiffLawsSet","LRA.Set.ZFCSet.instSymmDiffLawsSet","LRA\Set\ZFCSet\Laws\SymmetricDifference.lean"
"LRA.Set.ZFCSet.Laws.Union","instUnionLawsSet","LRA.Set.ZFCSet.instUnionLawsSet","LRA\Set\ZFCSet\Laws\Union.lean"
